Model,Train,Test,Images,CFCBK,FCBK,Zigzag,Class-agnostic AP
RFDETR,Bihar,Test Bihar,687,0.033003300330033,0.0082469715575605,0.5119103080378332,0.4976124910959242
